lineup,MadeFG,Assists,Rebounds,Steals,Blocks,Turnovers,PF,PA,DIFF
"#12 M. Pasahol,#15 A. Weekes,#22 J. Castres,#25 M. Jarme,#94 V. Harrison",2,1,1,0,1,1,4,0,4
"#12 M. Pasahol,#15 A. Weekes,#22 J. Castres,#24 J. Rangi,#25 M. Jarme",0,0,0,1,0,0,0,0,0
"#3 A. Kuegle,#21 K. Panginiban,#22 J. Castres,#25 M. Jarme,#94 V. Harrison",0,0,1,0,0,1,0,0,0
"#8 A. Concepcion,#15 A. Weekes,#22 J. Castres,#25 M. Jarme,#94 V. Harrison",1,1,1,0,1,3,2,2,0
"#3 A. Kuegle,#5 S. Marr,#15 A. Weekes,#21 K. Panginiban,#94 V. Harrison",0,0,1,0,0,0,0,0,0
"#1 S. Santos-Gatpayat,#3 A. Kuegle,#12 M. Pasahol,#15 A. Weekes,#24 J. Rangi",0,0,1,1,0,0,0,1,-1
"#3 A. Kuegle,#8 A. Concepcion,#12 M. Pasahol,#24 J. Rangi,#25 M. Jarme",3,1,8,8,0,3,7,8,-1
"#1 S. Santos-Gatpayat,#5 S. Marr,#15 A. Weekes,#21 K. Panginiban,#22 J. Castres",0,0,2,1,1,4,0,2,-2
"#21 K. Panginiban,#22 J. Castres,#24 J. Rangi,#25 M. Jarme,#94 V. Harrison",0,0,1,0,0,2,0,2,-2
"#8 A. Concepcion,#22 J. Castres,#24 J. Rangi,#25 M. Jarme,#94 V. Harrison",0,0,0,0,0,0,0,2,-2
"#1 S. Santos-Gatpayat,#12 M. Pasahol,#15 A. Weekes,#24 J. Rangi,#94 V. Harrison",0,0,2,2,0,3,0,3,-3
"#8 A. Concepcion,#21 K. Panginiban,#24 J. Rangi,#25 M. Jarme,#94 V. Harrison",0,0,2,1,0,5,0,3,-3
"#3 A. Kuegle,#8 A. Concepcion,#22 J. Castres,#24 J. Rangi,#94 V. Harrison",0,0,1,0,0,2,5,8,-3
"#3 A. Kuegle,#5 S. Marr,#21 K. Panginiban,#22 J. Castres,#94 V. Harrison",1,1,0,0,0,2,2,7,-5
"#8 A. Concepcion,#15 A. Weekes,#21 K. Panginiban,#22 J. Castres,#25 M. Jarme",3,0,7,3,1,10,8,22,-14
