 player, fg, fg%, 3pt, 3pt%, ft, ft%, oreb, dreb, foul, stl, to, blk, asst, +/-, pts,GameFolder,Date,Opponent,Location,GameType,Result
 #25 M. Jarme, 3-8, 38%, 0-0, -, 3-6, 50%, 2, 1, 3, 3, 7, 0, 2, -18, 9,09-25-26 Evolve 2012,09-25-2026,Evolve 2012,Sport Manitoba,Exhibition,L
 #22 J. Castres, 1-6, 17%, 1-5, 20%, 2-4, 50%, 1, 3, 2, 0, 10, 0, 1, -24, 5,09-25-26 Evolve 2012,09-25-2026,Evolve 2012,Sport Manitoba,Exhibition,L
 #12 M. Pasahol, 2-7, 29%, 0-0, -, 0-2, 0%, 2, 0, 1, 4, 0, 0, 0, -1, 4,09-25-26 Evolve 2012,09-25-2026,Evolve 2012,Sport Manitoba,Exhibition,L
 #94 V. Harrison, 1-2, 50%, 0-0, -, 0-0, -, 0, 1, 2, 0, 2, 1, 0, -14, 2,09-25-26 Evolve 2012,09-25-2026,Evolve 2012,Sport Manitoba,Exhibition,L
 #8 A. Concepcion, 1-9, 11%, 0-1, 0%, 0-0, -, 2, 1, 2, 6, 4, 1, 1, -23, 2,09-25-26 Evolve 2012,09-25-2026,Evolve 2012,Sport Manitoba,Exhibition,L
 #21 K. Panginiban, 1-6, 17%, 0-0, -, 0-0, -, 2, 4, 3, 0, 2, 1, 0, -26, 2,09-25-26 Evolve 2012,09-25-2026,Evolve 2012,Sport Manitoba,Exhibition,L
 #24 J. Rangi, 1-3, 33%, 0-0, -, 0-0, -, 2, 2, 1, 0, 1, 0, 0, -15, 2,09-25-26 Evolve 2012,09-25-2026,Evolve 2012,Sport Manitoba,Exhibition,L
 #15 A. Weekes, 1-10, 10%, 0-4, 0%, 0-0, -, 1, 3, 3, 3, 6, 0, 0, -16, 2,09-25-26 Evolve 2012,09-25-2026,Evolve 2012,Sport Manitoba,Exhibition,L
 #3 A. Kuegle, 0-4, 0%, 0-0, -, 0-0, -, 0, 0, 1, 1, 1, 0, 0, -10, 0,09-25-26 Evolve 2012,09-25-2026,Evolve 2012,Sport Manitoba,Exhibition,L
 #5 S. Marr, 0-2, 0%, 0-2, 0%, 0-0, -, 0, 0, 0, 0, 3, 1, 0, -7, 0,09-25-26 Evolve 2012,09-25-2026,Evolve 2012,Sport Manitoba,Exhibition,L
 #1 S. Santos-Gatpayat, 0-2, 0%, 0-2, 0%, 0-0, -, 0, 1, 1, 0, 0, 0, 0, -6, 0,09-25-26 Evolve 2012,09-25-2026,Evolve 2012,Sport Manitoba,Exhibition,L
 #7 Erman, -, -, -, -, -, -, -, -, -, -, -, -, -, -, -,09-25-26 Evolve 2012,09-25-2026,Evolve 2012,Sport Manitoba,Exhibition,L
 Dynasty, 11-59, 19%, 1-14, 7%, 5-12, 42%, 12, 16, 19, 17, 36, 4, 4, -, 28,09-25-26 Evolve 2012,09-25-2026,Evolve 2012,Sport Manitoba,Exhibition,L
 Evolve 2012, 25-62, 40%, 1-2, 50%, 9-26, 35%, 23, 32, 9, 17, 36, 5, 4, -, 60,09-25-26 Evolve 2012,09-25-2026,Evolve 2012,Sport Manitoba,Exhibition,L
