Player1,Player2,FG,AST,REB,STL,BLK,TO,PF,PA,DIFF
#12 M. Pasahol,#22 J. Castres,2,1,1,1,1,1,4,0,4
#12 M. Pasahol,#25 M. Jarme,5,2,9,9,1,4,11,8,3
#12 M. Pasahol,#94 V. Harrison,2,1,3,2,1,4,4,3,1
#15 A. Weekes,#94 V. Harrison,3,2,5,2,2,7,6,5,1
#12 M. Pasahol,#15 A. Weekes,2,1,4,4,1,4,4,4,0
#1 S. Santos-Gatpayat,#3 A. Kuegle,0,0,1,1,0,0,0,1,-1
#15 A. Weekes,#3 A. Kuegle,0,0,2,1,0,0,0,1,-1
#12 M. Pasahol,#8 A. Concepcion,3,1,8,8,0,3,7,8,-1
#25 M. Jarme,#3 A. Kuegle,3,1,9,8,0,4,7,8,-1
#1 S. Santos-Gatpayat,#21 K. Panginiban,0,0,2,1,1,4,0,2,-2
#1 S. Santos-Gatpayat,#5 S. Marr,0,0,2,1,1,4,0,2,-2
#1 S. Santos-Gatpayat,#22 J. Castres,0,0,2,1,1,4,0,2,-2
#15 A. Weekes,#5 S. Marr,0,0,3,1,1,4,0,2,-2
#12 M. Pasahol,#3 A. Kuegle,3,1,9,9,0,3,7,9,-2
#1 S. Santos-Gatpayat,#94 V. Harrison,0,0,2,2,0,3,0,3,-3
#25 M. Jarme,#94 V. Harrison,3,2,6,1,2,12,6,9,-3
#1 S. Santos-Gatpayat,#12 M. Pasahol,0,0,3,3,0,3,0,4,-4
#3 A. Kuegle,#8 A. Concepcion,3,1,9,8,0,5,12,16,-4
#15 A. Weekes,#24 J. Rangi,0,0,3,4,0,3,0,4,-4
#1 S. Santos-Gatpayat,#24 J. Rangi,0,0,3,3,0,3,0,4,-4
#24 J. Rangi,#3 A. Kuegle,3,1,10,9,0,5,12,17,-5
#21 K. Panginiban,#24 J. Rangi,0,0,3,1,0,7,0,5,-5
#12 M. Pasahol,#24 J. Rangi,3,1,11,12,0,6,7,12,-5
#21 K. Panginiban,#3 A. Kuegle,1,1,2,0,0,3,2,7,-5
#5 S. Marr,#94 V. Harrison,1,1,1,0,0,2,2,7,-5
#3 A. Kuegle,#5 S. Marr,1,1,1,0,0,2,2,7,-5
#1 S. Santos-Gatpayat,#15 A. Weekes,0,0,5,4,1,7,0,6,-6
#22 J. Castres,#24 J. Rangi,0,0,2,1,0,4,5,12,-7
#21 K. Panginiban,#5 S. Marr,1,1,3,1,1,6,2,9,-7
#22 J. Castres,#5 S. Marr,1,1,2,1,1,6,2,9,-7
#22 J. Castres,#3 A. Kuegle,1,1,2,0,0,5,7,15,-8
#22 J. Castres,#94 V. Harrison,4,3,5,0,2,11,13,21,-8
#8 A. Concepcion,#94 V. Harrison,1,1,4,1,1,10,7,15,-8
#3 A. Kuegle,#94 V. Harrison,1,1,3,0,0,5,7,15,-8
#24 J. Rangi,#25 M. Jarme,3,1,11,10,0,10,7,15,-8
#24 J. Rangi,#8 A. Concepcion,3,1,11,9,0,10,12,21,-9
#15 A. Weekes,#25 M. Jarme,6,2,9,4,3,14,14,24,-10
#21 K. Panginiban,#94 V. Harrison,1,1,5,1,0,10,2,12,-10
#15 A. Weekes,#22 J. Castres,6,2,11,5,4,18,14,26,-12
#24 J. Rangi,#94 V. Harrison,0,0,6,3,0,12,5,18,-13
#22 J. Castres,#25 M. Jarme,6,2,11,4,3,17,14,28,-14
#15 A. Weekes,#8 A. Concepcion,4,1,8,3,2,13,10,24,-14
#15 A. Weekes,#21 K. Panginiban,3,0,10,4,2,14,8,24,-16
#21 K. Panginiban,#8 A. Concepcion,3,0,9,4,1,15,8,25,-17
#22 J. Castres,#8 A. Concepcion,4,1,9,3,2,15,15,34,-19
#21 K. Panginiban,#25 M. Jarme,3,0,11,4,1,18,8,27,-19
#25 M. Jarme,#8 A. Concepcion,7,2,18,12,2,21,17,37,-20
#21 K. Panginiban,#22 J. Castres,4,1,11,4,2,19,10,33,-23
