Player,GameFolder,Date,Opponent,Result,PF,PA,DIFF,PTS,REB,AST,STL,BLK,TO,FOUL,OREB,DREB,3PM,3PA,FGM,FGA,FG_PCT,eFG_PCT,FTM,FTA,FT_PCT,TS_PCT
 #25 M. Jarme,09-25-26 Evolve 2012,09-25-2026,Evolve 2012,L,21,39,-18,9.0,3.0,2.0,3.0,0.0,7.0,3.0,2.0,1.0,0.0,0.0,3.0,8.0,0.375,0.375,3.0,6.0,0.5,0.423
 #22 J. Castres,09-25-26 Evolve 2012,09-25-2026,Evolve 2012,L,21,45,-24,5.0,4.0,1.0,0.0,0.0,10.0,2.0,1.0,3.0,1.0,5.0,1.0,6.0,0.167,0.25,2.0,4.0,0.5,0.322
 #12 M. Pasahol,09-25-26 Evolve 2012,09-25-2026,Evolve 2012,L,11,12,-1,4.0,2.0,0.0,4.0,0.0,0.0,1.0,2.0,0.0,0.0,0.0,2.0,7.0,0.286,0.286,0.0,2.0,0.0,0.254
 #94 V. Harrison,09-25-26 Evolve 2012,09-25-2026,Evolve 2012,L,13,27,-14,2.0,1.0,0.0,0.0,1.0,2.0,2.0,0.0,1.0,0.0,0.0,1.0,2.0,0.5,0.5,0.0,0.0,0.0,0.5
 #8 A. Concepcion,09-25-26 Evolve 2012,09-25-2026,Evolve 2012,L,22,45,-23,2.0,3.0,1.0,6.0,1.0,4.0,2.0,2.0,1.0,0.0,1.0,1.0,9.0,0.111,0.111,0.0,0.0,0.0,0.111
 #21 K. Panginiban,09-25-26 Evolve 2012,09-25-2026,Evolve 2012,L,10,36,-26,2.0,6.0,0.0,0.0,1.0,2.0,3.0,2.0,4.0,0.0,0.0,1.0,6.0,0.167,0.167,0.0,0.0,0.0,0.167
 #24 J. Rangi,09-25-26 Evolve 2012,09-25-2026,Evolve 2012,L,12,27,-15,2.0,4.0,0.0,0.0,0.0,1.0,1.0,2.0,2.0,0.0,0.0,1.0,3.0,0.333,0.333,0.0,0.0,0.0,0.333
 #15 A. Weekes,09-25-26 Evolve 2012,09-25-2026,Evolve 2012,L,14,30,-16,2.0,4.0,0.0,3.0,0.0,6.0,3.0,1.0,3.0,0.0,4.0,1.0,10.0,0.1,0.1,0.0,0.0,0.0,0.1
 #3 A. Kuegle,09-25-26 Evolve 2012,09-25-2026,Evolve 2012,L,14,24,-10,0.0,0.0,0.0,1.0,0.0,1.0,1.0,0.0,0.0,0.0,0.0,0.0,4.0,0.0,0.0,0.0,0.0,0.0,0.0
 #5 S. Marr,09-25-26 Evolve 2012,09-25-2026,Evolve 2012,L,2,9,-7,0.0,0.0,0.0,0.0,1.0,3.0,0.0,0.0,0.0,0.0,2.0,0.0,2.0,0.0,0.0,0.0,0.0,0.0,0.0
 #1 S. Santos-Gatpayat,09-25-26 Evolve 2012,09-25-2026,Evolve 2012,L,0,6,-6,0.0,1.0,0.0,0.0,0.0,0.0,1.0,0.0,1.0,0.0,2.0,0.0,2.0,0.0,0.0,0.0,0.0,0.0,0.0
 #7 Erman,09-25-26 Evolve 2012,09-25-2026,Evolve 2012,L,0,0,0,0.0,0.0,0.0,0.0,0.0,0.0,0.0,0.0,0.0,0.0,0.0,0.0,0.0,0.0,0.0,0.0,0.0,0.0,0.0
