Player,Games,PTS_Total,PPG,REB_Total,RPG,AST_Total,APG,STL_Total,SPG,BLK_Total,BPG,TO_Total,TOPG,FOUL_Total,FPG,FGM,FGA,FTM,FTA,3PM,3PA,PF,PA,PLUS_MINUS,FG_PCT,FT_PCT,THREE_PCT,eFG_PCT,TS_PCT
 #1 S. Santos-Gatpayat,1,0.0,0.0,1.0,1.0,0.0,0.0,0.0,0.0,0.0,0.0,0.0,0.0,1.0,1.0,0.0,2.0,0.0,0.0,0.0,2.0,0,6,-6,0.0,0.0,0.0,0.0,0.0
 #12 M. Pasahol,1,4.0,4.0,2.0,2.0,0.0,0.0,4.0,4.0,0.0,0.0,0.0,0.0,1.0,1.0,2.0,7.0,0.0,2.0,0.0,0.0,11,12,-1,0.286,0.0,0.0,0.286,0.254
 #15 A. Weekes,1,2.0,2.0,4.0,4.0,0.0,0.0,3.0,3.0,0.0,0.0,6.0,6.0,3.0,3.0,1.0,10.0,0.0,0.0,0.0,4.0,14,30,-16,0.1,0.0,0.0,0.1,0.1
 #21 K. Panginiban,1,2.0,2.0,6.0,6.0,0.0,0.0,0.0,0.0,1.0,1.0,2.0,2.0,3.0,3.0,1.0,6.0,0.0,0.0,0.0,0.0,10,36,-26,0.167,0.0,0.0,0.167,0.167
 #22 J. Castres,1,5.0,5.0,4.0,4.0,1.0,1.0,0.0,0.0,0.0,0.0,10.0,10.0,2.0,2.0,1.0,6.0,2.0,4.0,1.0,5.0,21,45,-24,0.167,0.5,0.2,0.25,0.322
 #24 J. Rangi,1,2.0,2.0,4.0,4.0,0.0,0.0,0.0,0.0,0.0,0.0,1.0,1.0,1.0,1.0,1.0,3.0,0.0,0.0,0.0,0.0,12,27,-15,0.333,0.0,0.0,0.333,0.333
 #25 M. Jarme,1,9.0,9.0,3.0,3.0,2.0,2.0,3.0,3.0,0.0,0.0,7.0,7.0,3.0,3.0,3.0,8.0,3.0,6.0,0.0,0.0,21,39,-18,0.375,0.5,0.0,0.375,0.423
 #3 A. Kuegle,1,0.0,0.0,0.0,0.0,0.0,0.0,1.0,1.0,0.0,0.0,1.0,1.0,1.0,1.0,0.0,4.0,0.0,0.0,0.0,0.0,14,24,-10,0.0,0.0,0.0,0.0,0.0
 #5 S. Marr,1,0.0,0.0,0.0,0.0,0.0,0.0,0.0,0.0,1.0,1.0,3.0,3.0,0.0,0.0,0.0,2.0,0.0,0.0,0.0,2.0,2,9,-7,0.0,0.0,0.0,0.0,0.0
 #7 Erman,1,0.0,0.0,0.0,0.0,0.0,0.0,0.0,0.0,0.0,0.0,0.0,0.0,0.0,0.0,0.0,0.0,0.0,0.0,0.0,0.0,0,0,0,0.0,0.0,0.0,0.0,0.0
 #8 A. Concepcion,1,2.0,2.0,3.0,3.0,1.0,1.0,6.0,6.0,1.0,1.0,4.0,4.0,2.0,2.0,1.0,9.0,0.0,0.0,0.0,1.0,22,45,-23,0.111,0.0,0.0,0.111,0.111
 #94 V. Harrison,1,2.0,2.0,1.0,1.0,0.0,0.0,0.0,0.0,1.0,1.0,2.0,2.0,2.0,2.0,1.0,2.0,0.0,0.0,0.0,0.0,13,27,-14,0.5,0.0,0.0,0.5,0.5
