GameFolder,Date,Opponent,Player,ShotType,Made,CourtX,CourtY
09-25-26 Evolve 2012,09-25-2026,Evolve 2012,#15 A. Weekes,2PT,0,29.02,10.75
09-25-26 Evolve 2012,09-25-2026,Evolve 2012,#21 K. Panginiban,2PT,0,19.29,6.19
09-25-26 Evolve 2012,09-25-2026,Evolve 2012,#15 A. Weekes,2PT,1,27.27,8.56
09-25-26 Evolve 2012,09-25-2026,Evolve 2012,#94 V. Harrison,2PT,1,19.39,8.89
09-25-26 Evolve 2012,09-25-2026,Evolve 2012,#1 S. Santos-Gatpayat,3PT,0,45.59,10.3
09-25-26 Evolve 2012,09-25-2026,Evolve 2012,#12 M. Pasahol,2PT,0,32.34,10.04
09-25-26 Evolve 2012,09-25-2026,Evolve 2012,#1 S. Santos-Gatpayat,3PT,0,45.19,10.04
09-25-26 Evolve 2012,09-25-2026,Evolve 2012,#24 J. Rangi,2PT,0,35.25,19.14
09-25-26 Evolve 2012,09-25-2026,Evolve 2012,#8 A. Concepcion,2PT,0,21.65,8.08
09-25-26 Evolve 2012,09-25-2026,Evolve 2012,#22 J. Castres,3PT,1,36.41,22.93
09-25-26 Evolve 2012,09-25-2026,Evolve 2012,#24 J. Rangi,2PT,0,32.1,22.45
09-25-26 Evolve 2012,09-25-2026,Evolve 2012,#8 A. Concepcion,2PT,0,25.41,23.64
09-25-26 Evolve 2012,09-25-2026,Evolve 2012,#15 A. Weekes,2PT,0,27.43,8.01
09-25-26 Evolve 2012,09-25-2026,Evolve 2012,#21 K. Panginiban,2PT,0,17.63,13.83
09-25-26 Evolve 2012,09-25-2026,Evolve 2012,#8 A. Concepcion,2PT,0,20.64,4.8
09-25-26 Evolve 2012,09-25-2026,Evolve 2012,#25 M. Jarme,2PT,1,30.11,9.03
09-25-26 Evolve 2012,09-25-2026,Evolve 2012,#22 J. Castres,3PT,0,34.33,23.23
09-25-26 Evolve 2012,09-25-2026,Evolve 2012,#22 J. Castres,2PT,0,25.98,15.86
09-25-26 Evolve 2012,09-25-2026,Evolve 2012,#15 A. Weekes,2PT,0,27.67,8.83
09-25-26 Evolve 2012,09-25-2026,Evolve 2012,#15 A. Weekes,3PT,0,6.49,14.41
09-25-26 Evolve 2012,09-25-2026,Evolve 2012,#8 A. Concepcion,2PT,1,14.92,22.01
09-25-26 Evolve 2012,09-25-2026,Evolve 2012,#15 A. Weekes,2PT,0,20.37,6.15
09-25-26 Evolve 2012,09-25-2026,Evolve 2012,#21 K. Panginiban,2PT,0,27.5,6.86
09-25-26 Evolve 2012,09-25-2026,Evolve 2012,#15 A. Weekes,3PT,0,9.68,19.68
09-25-26 Evolve 2012,09-25-2026,Evolve 2012,#21 K. Panginiban,2PT,1,12.79,19.17
09-25-26 Evolve 2012,09-25-2026,Evolve 2012,#94 V. Harrison,2PT,0,18.03,8.45
09-25-26 Evolve 2012,09-25-2026,Evolve 2012,#21 K. Panginiban,2PT,0,22.63,7.2
09-25-26 Evolve 2012,09-25-2026,Evolve 2012,#8 A. Concepcion,2PT,0,30.41,6.05
09-25-26 Evolve 2012,09-25-2026,Evolve 2012,#21 K. Panginiban,2PT,0,28.35,6.29
09-25-26 Evolve 2012,09-25-2026,Evolve 2012,#15 A. Weekes,3PT,0,37.88,21.15
09-25-26 Evolve 2012,09-25-2026,Evolve 2012,#25 M. Jarme,2PT,0,28.21,6.19
09-25-26 Evolve 2012,09-25-2026,Evolve 2012,#22 J. Castres,3PT,0,43.87,15.42
09-25-26 Evolve 2012,09-25-2026,Evolve 2012,#15 A. Weekes,2PT,0,27.47,23.4
09-25-26 Evolve 2012,09-25-2026,Evolve 2012,#5 S. Marr,3PT,0,35.75,23.08
09-25-26 Evolve 2012,09-25-2026,Evolve 2012,#22 J. Castres,3PT,0,35.09,22.72
09-25-26 Evolve 2012,09-25-2026,Evolve 2012,#5 S. Marr,3PT,0,45.59,9.28
09-25-26 Evolve 2012,09-25-2026,Evolve 2012,#22 J. Castres,3PT,0,40.57,17.8
09-25-26 Evolve 2012,09-25-2026,Evolve 2012,#15 A. Weekes,3PT,0,10.95,21.71
09-25-26 Evolve 2012,09-25-2026,Evolve 2012,#12 M. Pasahol,2PT,0,28.82,7.41
09-25-26 Evolve 2012,09-25-2026,Evolve 2012,#12 M. Pasahol,2PT,0,35.89,15.86
09-25-26 Evolve 2012,09-25-2026,Evolve 2012,#25 M. Jarme,2PT,0,42.21,10.75
09-25-26 Evolve 2012,09-25-2026,Evolve 2012,#8 A. Concepcion,3PT,0,13.03,22.88
09-25-26 Evolve 2012,09-25-2026,Evolve 2012,#12 M. Pasahol,2PT,0,20.16,8.79
09-25-26 Evolve 2012,09-25-2026,Evolve 2012,#25 M. Jarme,2PT,0,22.36,9.84
09-25-26 Evolve 2012,09-25-2026,Evolve 2012,#25 M. Jarme,2PT,1,36.7,17.35
09-25-26 Evolve 2012,09-25-2026,Evolve 2012,#3 A. Kuegle,2PT,0,12.29,12.11
09-25-26 Evolve 2012,09-25-2026,Evolve 2012,#8 A. Concepcion,2PT,0,37.48,17.52
09-25-26 Evolve 2012,09-25-2026,Evolve 2012,#12 M. Pasahol,2PT,0,19.05,13.39
09-25-26 Evolve 2012,09-25-2026,Evolve 2012,#24 J. Rangi,2PT,1,34.94,10.89
09-25-26 Evolve 2012,09-25-2026,Evolve 2012,#3 A. Kuegle,2PT,0,19.29,12.17
09-25-26 Evolve 2012,09-25-2026,Evolve 2012,#8 A. Concepcion,2PT,0,15.23,21.1
09-25-26 Evolve 2012,09-25-2026,Evolve 2012,#3 A. Kuegle,2PT,0,40.52,8.49
09-25-26 Evolve 2012,09-25-2026,Evolve 2012,#12 M. Pasahol,2PT,1,30.85,7.1
09-25-26 Evolve 2012,09-25-2026,Evolve 2012,#3 A. Kuegle,2PT,0,31.8,8.76
09-25-26 Evolve 2012,09-25-2026,Evolve 2012,#8 A. Concepcion,2PT,0,21.25,8.39
09-25-26 Evolve 2012,09-25-2026,Evolve 2012,#25 M. Jarme,2PT,0,20.37,9.6
09-25-26 Evolve 2012,09-25-2026,Evolve 2012,#25 M. Jarme,2PT,0,43.53,9.3
09-25-26 Evolve 2012,09-25-2026,Evolve 2012,#25 M. Jarme,2PT,1,32.27,6.32
09-25-26 Evolve 2012,09-25-2026,Evolve 2012,#12 M. Pasahol,2PT,1,32.64,12.34
